Year,Surface Pressure,Humidity,Wind speed,Temperature
1984,100.92,78.78,10.76,30.38
1984,100.76,79.19,9.44,31.56
1984,100.13,79.69,6.57,35.63
1984,95.24,81.61,3.81,35.78
1984,94.06,77.95,5.99,36.53
1984,100.84,78.54,10.79,31.03
1984,100.25,78.86,8.73,32.99
1984,98.34,79.91,5.07,36.57
1984,95.59,78.98,5.69,37.54
1984,95.79,73.97,7.78,39.17
1984,100.46,78.76,9.4,31.85
1984,98.87,79.06,6.71,34.37
1984,95.13,80.19,3.61,36.01
1984,93.87,76.94,6.19,37.24
1984,95.56,71.32,7.21,39.78
1984,99.48,79.31,7.18,32.82
1984,96.75,79.56,4.37,35.35
1984,92.97,79.06,4.39,36.21
1984,92.36,74.59,6.71,37.23
1984,93.84,70.51,6.13,39.09
1984,98.2,79.27,5.65,34.45
1984,94.67,79.28,3.3,36.38
1984,92.13,76.38,6.24,37.08
1984,92.48,71.6,7.81,38.25
1984,93,69.6,7.22,39.12
1984,97.21,78.12,5,36.29
1984,93.42,78.16,3.61,37.55
1984,91.53,73.81,7.26,37.68
1984,92.34,69.29,8.4,38.72
1984,92.36,68.21,8.73,39.1
1984,100.95,79.01,9.85,29.72
1984,100.95,79.39,9.72,29.67
1984,100.94,79.97,9.84,29.73
1984,100.53,80.67,8.67,31.17
1984,99.78,81.61,8.45,32.23
1984,100.95,79.09,9.52,29.87
1984,100.94,79.45,9.28,29.99
1984,100.92,79.75,8.92,30.4
1984,99.57,81.15,6.49,32.74
1984,98.52,82.01,6.94,33.93
1984,100.94,79.22,9.32,29.99
1984,100.92,79.46,8.76,30.29
1984,100.85,78.94,7.99,31.33
1984,98.08,82.16,4.17,33.31
1984,97.16,82.01,4.65,34.44
1984,100.93,79.15,9.95,30.1
1984,100.86,79.46,9.25,30.67
1984,100.59,79.06,7.54,33.12
1984,95.85,82.69,2.83,33.87
1984,94.57,80.84,3.9,34.75
1985,100.95,79.46,8.91,30.01
1985,100.78,79.42,8.02,32.19
1985,100.15,78.72,6.13,37.83
1985,95.26,80.02,3.69,37.44
1985,94.08,74.81,5.79,38.09
1985,100.87,79.03,8.55,30.93
1985,100.27,78.68,7.07,34.1
1985,98.36,78.41,4.86,38.36
1985,95.6,76.73,5.67,39.07
1985,95.8,70.37,7.65,40.08
1985,100.49,78.78,7.8,32.1
1985,98.89,78.32,5.51,35.97
1985,95.15,78.38,3.43,37.87
1985,93.88,74.08,6.26,38.99
1985,95.57,67.24,7.11,40.81
1985,99.5,78.86,6.45,33.51
1985,96.76,78.42,3.86,37.18
1985,92.98,76.97,4.33,38.48
1985,92.37,71.34,6.88,38.95
1985,93.84,66.19,6.13,40.33
1985,98.22,78.58,5.23,35.44
1985,94.68,77.94,3.1,37.86
1985,92.14,73.97,6.16,38.83
1985,92.48,68.12,7.9,39.55
1985,93,65.4,7.45,40.07
1985,97.24,77.46,4.68,37.5
1985,93.44,76.78,3.37,38.62
1985,91.54,71.16,6.94,38.65
1985,92.35,65.83,8.36,39.68
1985,92.37,64.46,8.96,39.86
1985,100.98,78.58,11.24,29.82
1985,100.97,78.79,11.15,29.91
1985,100.97,79.31,11.09,29.98
1985,100.55,79.54,9.71,31.93
1985,99.8,79.78,9.16,34.24
1985,100.97,78.82,10.8,29.72
1985,100.96,78.96,10.72,30.07
1985,100.94,79.06,10.83,30.83
1985,99.59,79.31,7.22,34.77
1985,98.53,79.08,6.91,37.99
1985,100.96,79.26,9.88,29.68
1985,100.94,79.26,9.89,30.37
1985,100.87,78.28,10.55,32.59
1985,98.09,80.01,4.87,35.85
1985,97.17,78.69,4.73,38.57
1985,100.96,79.59,9.2,29.69
1985,100.89,79.59,8.87,30.98
1985,100.61,78.47,8.26,35.17
1985,95.87,81.04,2.98,36.02
1985,94.58,77.75,3.81,37.58
1986,101,79.98,9.9,30.27
1986,100.83,79.58,8.74,31.54
1986,100.2,77.91,6.29,36.3
1986,95.31,78.16,3.93,37.01
1986,94.13,72.95,6.01,38.03
1986,100.92,79.46,9.9,30.85
1986,100.32,78.47,8.18,33.25
1986,98.41,76.97,5.18,38.18
1986,95.65,74.62,6.22,38.99
1986,95.85,68.67,8.06,40.07
1986,100.54,79.01,8.99,31.86
1986,98.94,77.66,6.28,35.19
1986,95.2,76.53,3.81,38.07
1986,93.93,72.26,6.74,38.93
1986,95.62,66.22,7.46,40.7
1986,99.55,78.88,7.32,33.05
1986,96.82,77.44,4.19,36.75
1986,93.03,75.06,4.73,38.31
1986,92.42,70.24,7.14,38.85
1986,93.9,66.35,6.32,39.99
1986,98.27,78.47,5.74,34.82
1986,94.73,77.06,3.31,37.89
1986,92.19,72.69,6.46,38.63
1986,92.54,68.09,8.13,39.41
1986,93.06,66.82,7.54,39.68
1986,97.29,77.47,5.1,36.65
1986,93.49,76.42,3.75,38.45
1986,91.59,70.88,7.45,38.54
1986,92.4,66.8,8.68,39.62
1986,92.42,66.66,9.03,39.72
1986,101.03,78.99,10.09,29.69
1986,101.03,79.22,9.84,29.67
1986,101.02,79.59,9.56,29.66
1986,100.61,79.14,8.67,31.59
1986,99.86,78.71,8.71,34.04
1986,101.03,79.29,10.4,29.71
1986,101.02,79.46,9.95,29.79
1986,101,79.31,9.32,30.3
1986,99.65,78.31,6.75,34.2
1986,98.59,77.22,7.36,37.64
1986,101.02,79.73,10.05,29.89
1986,101,79.68,9.48,30.11
1986,100.93,78.28,8.75,31.29
1986,98.15,78.88,4.36,35.04
1986,97.23,76.78,4.95,37.96
1986,101.01,80.08,9.58,30.13
1986,100.94,79.94,8.79,30.64
1986,100.66,78.19,7.34,33.12
1986,95.92,79.66,2.78,35.12
1986,94.64,75.87,3.91,37.09
1987,101.02,77.81,10.79,30.31
1987,100.85,77.34,9.96,31.92
1987,100.22,75.69,7.35,37.65
1987,95.34,75.89,3.86,37.9
1987,94.16,71.19,5.29,39.13
1987,100.94,77.31,10.39,31.05
1987,100.34,76.59,8.99,33.48
1987,98.44,75.59,5.82,38.55
1987,95.68,72.87,5.62,39.26
1987,95.88,66.88,6.95,40.59
1987,100.56,77,8.74,31.99
1987,98.97,76.31,6.41,35.25
1987,95.23,75.78,3.76,38.15
1987,93.97,70.86,5.9,38.94
1987,95.66,64.39,6.47,40.81
1987,99.58,77.04,6.75,33.23
1987,96.85,76.38,3.94,36.73
1987,93.07,74.41,4.18,38.52
1987,92.46,68.98,6.21,38.68
1987,93.94,64.42,5.53,39.99
1987,98.3,76.82,5.37,35.2
1987,94.77,75.99,2.99,37.9
1987,92.23,71.84,5.78,38.71
1987,92.58,66.84,7.13,39.32
1987,93.1,64.88,6.62,39.78
1987,97.32,75.97,4.63,37.06
1987,93.53,75.21,3.27,38.64
1987,91.63,70.06,6.57,38.44
1987,92.44,65.76,7.62,39.36
1987,92.47,64.99,7.94,39.51
1987,101.05,78.03,10.66,30.25
1987,101.05,78.09,10.71,29.96
1987,101.04,78.22,10.63,29.8
1987,100.63,77.64,9.1,32.57
1987,99.88,77.63,8.19,34.92
1987,101.05,78.05,10.58,30.23
1987,101.04,78.01,10.5,30.23
1987,101.02,77.53,10.3,30.97
1987,99.67,76.61,6.71,35.9
1987,98.61,76.15,6.37,39.15
1987,101.04,78.17,10.42,30.12
1987,101.02,77.92,10.16,30.56
1987,100.95,76.09,9.67,32.83
1987,98.17,76.47,4.41,36.99
1987,97.26,75.16,4.3,39.69
1987,101.03,78.14,10.6,30.09
1987,100.96,77.81,10.07,31.03
1987,100.68,75.66,8.54,35.05
1987,95.95,76.98,3,36.93
1987,94.67,74.09,3.52,38.8
1988,100.94,78.36,11.28,30.17
1988,100.77,78.34,9.65,31.74
1988,100.14,77.97,6.14,36.81
1988,95.26,80.04,3.77,36.92
1988,94.09,76.1,6.05,37.94
1988,100.86,77.96,10.68,30.99
1988,100.26,77.76,8.61,33.51
1988,98.35,77.94,4.77,38.19
1988,95.61,76.61,5.88,38.98
1988,95.81,70.96,8.02,40.08
1988,100.48,77.65,9.28,32.02
1988,98.88,77.55,6.37,35.27
1988,95.15,78.12,3.44,37.94
1988,93.89,74.25,6.36,39.11
1988,95.58,68.14,7.35,40.76
1988,99.5,77.59,7.55,33.22
1988,96.77,77.61,4.39,36.56
1988,92.99,76.81,4.25,38.1
1988,92.38,71.89,6.5,38.74
1988,93.86,67.92,5.93,40.07
1988,98.22,77.24,5.81,35.03
1988,94.69,77.19,3.27,37.7
1988,92.15,74.22,5.93,38.55
1988,92.5,69.37,7.15,39.42
1988,93.02,68.01,6.7,40.03
1988,97.24,76.32,4.69,36.62
1988,93.45,76.51,3.34,38.44
1988,91.56,72.28,6.75,38.67
1988,92.37,68.03,7.76,39.62
1988,92.39,67.76,8.08,39.87
1988,100.97,78.28,10.17,30
1988,100.97,78.33,10.25,30.03
1988,100.96,78.53,10.4,30.21
1988,100.55,79.41,9.2,32.72
1988,99.8,80.58,8.44,34.9
1988,100.96,78.19,10.03,30.09
1988,100.96,78.16,9.97,30.26
1988,100.94,78.06,9.62,30.89
1988,99.59,80.31,6.64,35.28
1988,98.54,81.38,6.42,38.37
1988,100.96,78.29,10.21,30.06
1988,100.94,78.19,9.89,30.49
1988,100.87,77.31,8.83,32.12
1988,98.1,81.21,4.19,36.18
1988,97.18,81.23,4.31,38.88
1988,100.95,78.48,10.81,29.96
1988,100.88,78.46,9.72,30.83
1988,100.6,77.53,7.47,34.17
1988,95.87,81.71,2.75,35.91
1988,94.59,79.94,3.79,37.73
1989,100.97,78.8,11.32,30.29
1989,100.81,78.28,10.26,32.15
1989,100.17,76.25,7.03,38.29
1989,95.29,76.4,4.37,38.19
1989,94.11,71.38,6.64,38.87
1989,100.89,78.29,10.32,31.14
1989,100.3,77.31,8.53,33.74
1989,98.38,75.56,5.63,39.26
1989,95.63,72.86,6.62,39.66
1989,95.83,66.69,8.66,40.53
1989,100.51,77.82,8.8,32.15
1989,98.91,76.6,6.28,35.41
1989,95.18,75.25,3.91,38.52
1989,93.91,70.35,6.94,39.46
1989,95.61,63.8,7.89,40.96
1989,99.53,77.54,7.06,33.26
1989,96.79,76.24,4.31,36.85
1989,93.02,73.84,4.82,38.51
1989,92.4,68.39,7.29,39.18
1989,93.89,63.71,6.52,40.46
1989,98.25,76.87,5.63,35.04
1989,94.72,75.51,3.4,37.98
1989,92.18,71.41,6.88,38.92
1989,92.53,66.36,8.59,39.76
1989,93.05,64.29,7.92,40.44
1989,97.27,75.53,5.44,36.89
1989,93.47,74.39,3.97,38.73
1989,91.58,69.47,8.17,38.98
1989,92.39,64.99,9.62,39.98
1989,92.41,64.18,9.98,40.22
1989,101.01,78.59,11.78,29.72
1989,101,78.72,11.57,29.8
1989,101,79.09,11.06,29.9
1989,100.58,78.99,9.63,32.39
1989,99.83,79.23,9.01,35.02
1989,101,78.72,10.85,29.75
1989,100.99,78.76,10.55,30
1989,100.97,78.53,9.84,30.78
1989,99.62,78.03,6.83,35.77
1989,98.56,77.53,7.18,38.92
1989,100.99,78.91,10.67,29.81
1989,100.97,78.69,10.6,30.46
1989,100.9,77.06,9.67,32.8
1989,98.12,77.66,4.64,37.11
1989,97.21,76.12,5.17,39.67
1989,100.99,79.01,11.29,29.94
1989,100.92,78.68,10.81,31.09
1989,100.63,76.53,8.45,35.43
1989,95.9,77.88,3.17,37.19
1989,94.62,74.6,4.36,38.67
1990,101,78.61,10.77,30.2
1990,100.83,78.06,9.64,31.94
1990,100.2,75.94,6.87,37.16
1990,95.32,76.99,3.91,37.65
1990,94.13,71.66,5.75,39.27
1990,100.92,78.27,10.18,31.01
1990,100.32,77.34,8.32,33.88
1990,98.41,75.94,5.45,38.01
1990,95.65,74.01,5.84,39.16
1990,95.85,67.59,7.51,40.84
1990,100.54,77.92,9.74,31.85
1990,98.94,76.82,6.52,35.44
1990,95.21,76.12,3.68,37.73
1990,93.93,71.7,6.1,39.19
1990,95.62,64.72,6.87,41.24
1990,99.56,77.76,8,32.97
1990,96.82,76.7,4.3,36.68
1990,93.04,74.88,4.15,38.29
1990,92.42,69.28,6.35,38.96
1990,93.9,64.11,5.77,40.43
1990,98.28,77.38,5.93,34.88
1990,94.74,76.29,3.12,38.05
1990,92.19,72.31,5.84,39.01
1990,92.54,66.39,7.41,39.54
1990,93.06,63.89,7.04,40.1
1990,97.29,76.52,4.71,36.74
1990,93.5,75.62,3.39,39.03
1990,91.6,70.22,6.94,39.17
1990,92.4,64.52,8.25,39.9
1990,92.42,63.36,8.72,40
1990,101.03,78.77,10.91,29.83
1990,101.03,78.95,10.82,29.85
1990,101.02,79.38,10.86,29.99
1990,100.61,79.08,9.5,32.44
1990,99.85,78.76,8.79,35.13
1990,101.02,78.74,11.4,29.94
1990,101.02,78.78,10.59,30.2
1990,100.99,78.41,9.53,31.21
1990,99.65,77.68,6.92,35.97
1990,98.58,76.66,7.09,39.19
1990,101.02,78.79,11.87,29.92
1990,101,78.53,11.42,30.5
1990,100.93,76.5,10.47,32.94
1990,98.15,77.32,4.77,37.32
1990,97.23,75.34,4.81,40.14
1990,101.01,78.79,11.9,29.89
1990,100.94,78.39,11.28,30.81
1990,100.66,75.81,9.38,34.91
1990,95.92,77.89,3.26,36.92
1990,94.63,74.17,3.86,39.23
1991,100.99,78.76,10.77,30.39
1991,100.82,78.02,10.16,32.11
1991,100.19,75.59,7.6,37.81
1991,95.31,76.29,3.98,38.54
1991,94.13,72.14,5.58,39.54
1991,100.91,78.21,9.92,31.1
1991,100.31,76.98,8.4,33.73
1991,98.4,75.16,5.15,38.98
1991,95.65,73.26,5.59,39.89
1991,95.85,67.85,7.54,41.23
1991,100.53,77.62,8.95,32.1
1991,98.93,76.18,6.42,35.41
1991,95.2,75.12,3.57,38.67
1991,93.93,71.15,6.14,39.56
1991,95.62,65.34,7.15,41.68
1991,99.55,77.31,7.23,33.45
1991,96.81,75.89,4.33,37.07
1991,93.03,73.81,4.44,39.14
1991,92.42,69.06,6.83,39.33
1991,93.9,65.08,6.25,40.9
1991,98.27,76.75,5.56,35.38
1991,94.73,75.38,3.25,38.42
1991,92.19,71.41,6.39,39.52
1991,92.54,66.68,8.15,39.9
1991,93.06,65.11,7.72,40.57
1991,97.29,75.61,4.74,37.23
1991,93.49,74.65,3.68,39.09
1991,91.59,69.62,7.54,39.35
1991,92.41,65.25,9.01,40.13
1991,92.43,64.7,9.43,40.27
1991,101.02,78.79,12.11,30.07
1991,101.02,78.72,12.19,30.07
1991,101.01,78.75,12.23,30.08
1991,100.6,78.65,10.78,32.49
1991,99.85,78.7,9.55,35.06
1991,101.01,78.81,11.58,30.14
1991,101.01,78.6,11.71,30.37
1991,100.99,78,11.79,31.21
1991,99.64,77.72,7.94,35.89
1991,98.58,77.17,6.91,39.03
1991,101.01,78.86,11.23,30.11
1991,100.99,78.42,11.62,30.66
1991,100.92,76.34,12,32.9
1991,98.14,77.22,5.3,37.34
1991,97.22,76.05,4.53,40.1
1991,101,78.93,11.46,30.13
1991,100.93,78.39,11.56,31.09
1991,100.65,75.72,10.77,35.05
1991,95.91,77.44,3.72,37.4
1991,94.63,74.97,3.67,39.34
1992,101.02,78.83,10.57,30.43
1992,100.85,78.74,9.32,32.1
1992,100.22,77.69,6.59,37.94
1992,95.33,78.21,4.09,38.39
1992,94.15,73.19,6.02,39.54
1992,100.94,78.58,11.24,31.06
1992,100.34,78.34,8.82,33.58
1992,98.43,77.81,5.32,38.8
1992,95.68,75.74,6.4,39.52
1992,95.88,69.39,8.22,40.9
1992,100.56,78.22,10.8,31.88
1992,98.96,77.94,7.33,35.33
1992,95.22,77.72,3.92,38.42
1992,93.96,73.49,7.01,39.3
1992,95.65,66.81,7.82,41.11
1992,99.57,78.1,8.47,33.06
1992,96.84,77.78,5.01,36.77
1992,93.06,76.25,5.02,38.53
1992,92.44,71.03,7.51,39.26
1992,93.93,66.27,6.73,40.43
1992,98.29,77.72,6.29,34.95
1992,94.75,77.13,3.55,37.99
1992,92.21,73.66,6.73,38.72
1992,92.56,68.33,8.61,39.85
1992,93.09,66.18,8.11,40.31
1992,97.31,76.66,5.56,36.76
1992,93.51,76.06,3.78,38.85
1992,91.62,71.56,7.61,38.71
1992,92.43,66.66,9.26,39.98
1992,92.45,65.78,9.77,40.2
1992,101.05,78.72,10.52,29.59
1992,101.05,78.92,10.54,29.61
1992,101.04,79.34,10.59,29.58
1992,100.63,79.54,9.65,32.43
1992,99.88,79.5,9.04,35.24
1992,101.05,78.73,10.6,29.59
1992,101.04,78.84,10.65,29.82
1992,101.02,78.81,10.55,30.8
1992,99.67,78.94,7.1,35.96
1992,98.61,78.18,6.99,39.64
1992,101.04,78.75,10.4,29.77
1992,101.02,78.62,10.52,30.39
1992,100.95,77.38,10.25,33.1
1992,98.17,78.53,4.64,37.5
1992,97.25,76.9,4.8,40.3
1992,101.03,78.82,10.24,30.09
1992,100.96,78.68,9.91,31.17
1992,100.68,77.12,8.32,35.56
1992,95.94,78.9,3.02,37.55
1992,94.66,75.71,3.89,39.35
1993,101.01,79.12,11.38,30.07
1993,100.85,78.96,10.43,31.81
1993,100.21,78.16,7.73,37.18
1993,95.33,79.68,4.24,38.35
1993,94.15,75.62,6.22,39
1993,100.93,78.66,10.63,30.86
1993,100.34,78.44,9.11,33.66
1993,98.42,78.44,5.8,38.65
1993,95.67,77.46,6.14,39.65
1993,95.88,71.95,8.01,40.58
1993,100.55,78.32,9.23,31.71
1993,98.96,78.19,6.79,35.12
1993,95.22,78.72,3.79,38.3
1993,93.96,75.42,6.47,39.08
1993,95.65,69.32,7.3,40.86
1993,99.57,78.38,7.43,32.9
1993,96.84,78.44,4.47,36.49
1993,93.06,77.69,4.39,38.12
1993,92.44,72.99,6.86,38.88
1993,93.93,68.61,6.19,40.45
1993,98.29,78.34,5.99,34.79
1993,94.76,78.31,3.34,37.68
1993,92.22,75.41,6.02,38.35
1993,92.57,70.26,7.76,39.87
1993,93.09,68.26,7.33,40.61
1993,97.31,77.66,5.34,36.42
1993,93.51,77.62,3.6,38.12
1993,91.62,73.38,7.04,38.55
1993,92.43,68.45,8.24,40.33
1993,92.46,67.54,8.7,40.75
1993,101.04,80.01,11.23,29.52
1993,101.04,80.21,11.43,29.55
1993,101.03,80.53,11.37,29.87
1993,100.62,80.71,10.15,32.28
1993,99.87,80.6,9.51,35.29
1993,101.04,79.83,10.87,29.5
1993,101.03,79.83,10.81,29.82
1993,101.01,79.53,10.37,31.08
1993,99.66,79.86,7.09,35.88
1993,98.6,79.3,7.18,39.13
1993,101.03,79.64,10.64,29.52
1993,101.01,79.37,10.44,30.1
1993,100.94,77.84,9.82,32.4
1993,98.16,79.69,4.67,37.42
1993,97.25,78.6,4.91,39.7
1993,101.02,79.43,11.26,29.66
1993,100.95,79.16,10.71,30.52
1993,100.67,77.56,9.09,34.36
1993,95.93,80.21,3.25,37.36
1993,94.65,77.86,4.1,38.61
1994,100.99,79.14,10.43,29.84
1994,100.82,79.38,9.29,31.59
1994,100.19,79.66,6.72,37.69
1994,95.31,82.01,4,37.3
1994,94.13,79.09,5.93,37.64
1994,100.91,78.92,10.58,30.47
1994,100.31,79.13,8.65,33.01
1994,98.4,79.91,5.37,38.62
1994,95.65,79.51,6.09,39.06
1994,95.86,74.78,7.96,39.85
1994,100.53,78.76,10.17,31.46
1994,98.93,79.03,6.95,34.76
1994,95.2,80.03,3.91,37.91
1994,93.93,77.28,6.62,38.88
1994,95.63,71.66,7.46,40.57
1994,99.54,79.08,8.73,32.82
1994,96.81,79.44,4.87,36.41
1994,93.03,78.94,5.1,38.14
1994,92.42,74.51,7.31,38.65
1994,93.9,70.24,6.46,39.93
1994,98.26,79.22,6.67,34.91
1994,94.73,79.45,3.7,37.64
1994,92.19,76.62,6.93,38.48
1994,92.54,71.32,8.65,39.32
1994,93.06,69.01,7.92,39.78
1994,97.28,78.61,5.3,36.8
1994,93.48,78.87,3.77,38.24
1994,91.59,74.72,7.55,38.3
1994,92.4,69.27,9.15,39.51
1994,92.42,67.79,9.57,39.65
1994,101.01,79.36,10.27,29.8
1994,101.01,79.53,10.07,29.88
1994,101.01,79.88,9.67,30.12
1994,100.6,80.9,8.74,31.93
1994,99.85,81.92,8.27,34.15
1994,101.01,79.16,10.26,29.82
1994,101,79.28,9.79,29.96
1994,100.98,79.41,9.18,30.71
1994,99.64,81.58,6.84,34.13
1994,98.58,82.35,6.95,37.75
1994,101,79.1,10.36,29.81
1994,100.99,79.1,9.94,30.15
1994,100.92,78.5,8.98,31.98
1994,98.14,82.28,4.47,35.49
1994,97.23,82.49,4.72,38.39
1994,101,79.16,10.45,29.77
1994,100.93,79.23,9.86,30.65
1994,100.65,78.78,7.9,34.53
1994,95.92,82.88,2.96,36
1994,94.64,81.84,3.82,37.32
1995,100.96,79.03,10.09,30.19
1995,100.79,78.93,8.75,31.92
1995,100.16,78.41,6.54,36.8
1995,95.28,79.86,4.04,37.16
1995,94.1,74.93,6.11,37.86
1995,100.88,78.52,10.05,31.11
1995,100.28,78.1,8.06,33.8
1995,98.37,78,5.34,37.61
1995,95.62,76.62,6.36,38.58
1995,95.82,70.45,8.32,39.54
1995,100.5,78.18,9.22,32.18
1995,98.9,77.74,6.49,35.54
1995,95.17,77.97,3.96,37.21
1995,93.9,74.19,6.89,38.06
1995,95.6,67.7,7.74,39.71
1995,99.51,78.21,7.55,33.42
1995,96.78,78.01,4.47,36.7
1995,93,77.06,4.84,37.33
1995,92.39,72.06,7.22,37.71
1995,93.87,67.7,6.34,38.95
1995,98.23,78.12,5.85,35.21
1995,94.7,78.05,3.47,37.32
1995,92.16,75.12,6.44,37.37
1995,92.51,70.03,7.98,38.33
1995,93.04,68.41,7.29,39
1995,97.25,77.46,5.11,36.77
1995,93.46,77.74,3.77,37.57
1995,91.57,73.72,7.26,37.3
1995,92.38,69.12,8.41,38.7
1995,92.4,68.74,8.72,39.11
1995,100.99,79.84,9.59,29.79
1995,100.98,79.88,9.71,29.83
1995,100.98,80.03,9.97,30.08
1995,100.56,79.73,9.16,32.82
1995,99.81,79.38,8.91,35.16
1995,100.98,79.81,9.46,29.73
1995,100.97,79.74,9.52,30.02
1995,100.95,79.31,9.7,31.17
1995,99.6,79.19,6.94,35.42
1995,98.54,78.28,7.42,38.58
1995,100.98,79.71,9.48,29.76
1995,100.96,79.52,9.27,30.32
1995,100.88,78.09,9.25,32.53
1995,98.11,79.94,4.48,36.11
1995,97.19,78.08,5.01,38.78
1995,100.97,79.44,9.69,29.81
1995,100.9,79.38,9.05,30.74
1995,100.62,78.12,7.83,34.43
1995,95.88,80.92,2.89,35.93
1995,94.6,77.63,3.92,37.56
1996,100.93,79.53,11.37,29.91
1996,100.76,79.04,10.49,31.78
1996,100.13,77.44,8.47,37.87
1996,95.24,78.44,4.67,38.33
1996,94.06,74.28,6.18,39.06
1996,100.85,79.06,11.38,30.7
1996,100.25,78.28,9.65,33.6
1996,98.34,77.25,6.43,38.6
1996,95.58,75.78,6.85,39.41
1996,95.78,70.46,8.25,40.36
1996,100.47,78.6,10.49,31.84
1996,98.87,77.68,7.58,35.48
1996,95.13,77.16,4.27,37.96
1996,93.86,73.76,7.17,38.79
1996,95.56,68.16,7.73,40.5
1996,99.48,78.21,8.68,33.51
1996,96.75,77.25,5.09,37.05
1996,92.97,75.75,4.93,38.26
1996,92.35,71.75,7.38,38.66
1996,93.84,68.2,6.53,39.97
1996,98.2,77.32,6.81,35.71
1996,94.67,76.32,3.71,38.27
1996,92.12,73.22,6.87,38.91
1996,92.48,69.52,8.33,39.53
1996,93,68.63,7.64,39.99
1996,97.22,75.87,5.76,37.68
1996,93.42,75.21,4.04,39.11
1996,91.53,71.28,8.12,38.96
1996,92.34,68.18,9.13,39.68
1996,92.36,68.51,9.34,39.82
1996,100.96,79.56,10.62,29.53
1996,100.95,79.65,10.7,29.5
1996,100.95,79.88,10.79,29.85
1996,100.53,79.95,9.97,33.01
1996,99.78,80.14,9.48,35.29
1996,100.95,79.77,10.66,29.49
1996,100.94,79.73,10.72,29.7
1996,100.92,79.28,10.62,30.92
1996,99.57,79.18,7.73,36.41
1996,98.51,78.84,7.64,39.35
1996,100.95,79.94,10.84,29.58
1996,100.93,79.66,10.93,30.16
1996,100.85,77.81,11.21,32.76
1996,98.07,78.96,5.35,37.48
1996,97.16,77.79,5.06,39.81
1996,100.94,79.85,11.05,29.61
1996,100.87,79.46,10.84,30.7
1996,100.59,77.31,10.36,35.3
1996,95.85,79.34,3.74,37.36
1996,94.56,76.77,4.05,38.78
1997,101.06,79.43,9.82,30.77
1997,100.9,79.21,9.1,32.25
1997,100.27,78.53,6.9,36.86
1997,95.38,79.93,4.01,37.03
1997,94.21,75.89,5.85,37.77
1997,100.99,79.09,9.56,31.35
1997,100.39,78.57,8.28,33.68
1997,98.48,78.34,5.38,37.67
1997,95.73,77.22,6.07,38.41
1997,95.93,71.88,7.79,39.43
1997,100.61,78.81,8.79,32.25
1997,99.01,78.2,6.44,35.22
1997,95.27,78.38,3.75,37.04
1997,94.01,75.3,6.32,38.04
1997,95.71,69.49,7.07,39.86
1997,99.62,78.85,7.27,33.19
1997,96.89,78.32,4.3,36.15
1997,93.11,77.12,4.4,37.1
1997,92.5,73.2,6.46,37.76
1997,93.99,69.28,5.86,39.07
1997,98.34,78.45,5.75,34.51
1997,94.81,77.88,3.19,36.78
1997,92.27,74.75,5.95,37.23
1997,92.62,70.8,7.37,38.04
1997,93.15,69.42,7.06,38.44
1997,97.36,77.08,5.05,35.96
1997,93.57,76.79,3.46,37.12
1997,91.67,72.97,6.84,36.9
1997,92.49,69.37,7.95,37.93
1997,92.51,69.16,8.5,38.05
1997,101.09,79.38,9.21,30.07
1997,101.08,79.41,9.28,30.19
1997,101.08,79.53,9.12,30.37
1997,100.67,79.41,8.47,32.8
1997,99.92,79.56,8.16,35.04
1997,101.08,79.36,9.08,30.2
1997,101.08,79.32,9.06,30.47
1997,101.06,79.12,9.18,31.46
1997,99.71,79.45,6.63,35.92
1997,98.65,79.18,6.65,38.62
1997,101.08,79.49,9.24,30.43
1997,101.06,79.28,9.23,30.98
1997,100.99,78.16,9.27,32.92
1997,98.21,80.23,4.45,36.78
1997,97.3,79.16,4.55,38.89
1997,101.07,79.56,9.59,30.56
1997,101,79.37,9.31,31.46
1997,100.72,78.22,8.27,34.62
1997,95.99,80.99,3.02,36.16
1997,94.71,78.59,3.74,37.54
1998,100.96,79.47,10.78,31.13
1998,100.8,79.45,9.07,32.99
1998,100.17,79,6.57,38.85
1998,95.29,80.3,3.86,38.73
1998,94.11,75.92,5.92,40.05
1998,100.88,79.23,10.24,31.92
1998,100.29,79.12,7.8,34.8
1998,98.38,79.34,5.13,39.5
1998,95.63,78.04,5.91,39.92
1998,95.83,72.08,7.9,41.53
1998,100.5,79.11,8.8,32.96
1998,98.91,79.12,6.11,36.6
1998,95.18,79.88,3.79,38.63
1998,93.91,76.55,6.57,39.48
1998,95.61,70.32,7.5,41.59
1998,99.52,79.36,6.75,34.37
1998,96.79,79.59,4.14,37.8
1998,93.02,79.09,4.85,38.48
1998,92.41,74.84,7.35,39.19
1998,93.89,70.91,6.58,40.71
1998,98.24,79.36,5.28,36.39
1998,94.71,79.54,3.24,38.66
1998,92.17,76.94,6.82,38.91
1998,92.52,72.79,8.69,39.86
1998,93.05,71.51,8.02,40.45
1998,97.26,78.52,4.72,38.27
1998,93.47,78.77,3.74,39.32
1998,91.58,74.97,7.91,39.17
1998,92.39,71.39,9.36,40.26
1998,92.41,71.23,9.61,40.43
1998,101,79.55,11.32,30.97
1998,100.99,79.71,10.26,30.96
1998,100.99,80.03,9.88,30.98
1998,100.57,80.68,9.06,33.63
1998,99.83,81.2,8.53,35.99
1998,100.99,79.59,11,31.11
1998,100.98,79.72,10.32,31.23
1998,100.96,79.72,10.04,31.92
1998,99.62,80.87,7.07,36.63
1998,98.56,80.86,6.97,40.05
1998,100.98,79.63,10.78,31.08
1998,100.96,79.62,10.58,31.51
1998,100.89,78.59,10.07,33.64
1998,98.12,80.84,4.75,37.77
1998,97.2,79.96,4.67,40.78
1998,100.98,79.6,11.05,30.93
1998,100.91,79.56,10.39,31.9
1998,100.63,78.44,8.29,36.15
1998,95.9,81.16,3.01,37.71
1998,94.62,78.77,3.8,39.74
1999,100.93,79.69,9.68,30.25
1999,100.76,79.48,8.82,32.41
1999,100.13,78.78,6.67,37.68
1999,95.25,80.58,3.84,37.74
1999,94.07,76.55,5.98,38.6
1999,100.85,79.37,9.62,31.15
1999,100.25,79.01,8.01,34.27
1999,98.34,78.91,5.11,38.35
1999,95.59,77.53,5.67,39.3
1999,95.79,71.92,7.7,40.47
1999,100.46,79.19,8.85,32.09
1999,98.87,78.9,6.5,35.52
1999,95.14,79.25,3.59,37.94
1999,93.87,75.18,6.2,39.06
1999,95.56,68.94,7.08,41.04
1999,99.48,79.26,7.22,33.39
1999,96.75,79.21,4.39,36.48
1999,92.97,78.44,4.33,38.11
1999,92.36,73.24,6.76,38.73
1999,93.84,68.81,6.02,40.22
1999,98.2,79.11,5.56,35.2
1999,94.67,79.1,3.24,37.59
1999,92.13,76.38,6.02,38.83
1999,92.48,71.45,7.68,39.52
1999,93,69.56,7.07,40
1999,97.22,78.49,4.74,36.72
1999,93.43,78.56,3.54,38.2
1999,91.54,74.56,6.99,38.99
1999,92.35,70.21,8.18,39.94
1999,92.37,69.5,8.37,40
1999,100.96,80.29,10.34,29.36
1999,100.96,80.34,10.58,29.34
1999,100.95,80.44,10.86,29.5
1999,100.54,81.24,9.93,32.19
1999,99.79,82.17,9.2,34.59
1999,100.96,80.16,10.44,29.41
1999,100.95,80.18,10.61,29.68
1999,100.93,80,10.61,31.05
1999,99.58,81.72,7.4,35.48
1999,98.52,82.48,6.81,38.32
1999,100.95,80.11,10.27,29.48
1999,100.93,80,10.21,30.2
1999,100.86,78.88,9.86,33.15
1999,98.08,81.75,4.63,36.93
1999,97.17,81.62,4.46,39.2
1999,100.94,79.97,9.92,29.65
1999,100.87,79.8,9.65,30.94
1999,100.59,78.5,8.32,35.51
1999,95.86,81.88,3.02,36.86
1999,94.57,79.94,3.86,38.37
2000,100.9,79.74,10.8,29.96
2000,100.74,79.54,9.44,31.42
2000,100.1,78.56,7.15,36.01
2000,95.22,79.74,4.36,36.34
2000,94.04,75.21,6.29,37.95
2000,100.82,79.42,10.6,30.63
2000,100.23,78.78,8.59,32.95
2000,98.31,78.03,5.55,37.59
2000,95.56,76.26,6.63,38.29
2000,95.76,70.82,8.44,39.88
2000,100.44,79.03,9.74,31.46
2000,98.85,78.21,6.81,34.63
2000,95.11,77.78,4.01,37.41
2000,93.84,73.81,7.11,38.46
2000,95.54,68.14,7.81,40.68
2000,99.46,78.8,7.75,32.68
2000,96.73,78.01,4.58,36.07
2000,92.95,76.44,5.05,37.62
2000,92.34,71.91,7.49,38.42
2000,93.82,68.25,6.56,40.12
2000,98.18,78.3,5.98,34.64
2000,94.65,77.53,3.46,37.19
2000,92.11,74.12,6.84,38.3
2000,92.46,70.03,8.32,39.1
2000,92.98,68.81,7.63,39.66
2000,97.2,77.3,5.31,36.66
2000,93.41,76.84,3.79,38.31
2000,91.51,72.47,7.6,38.79
2000,92.33,68.87,8.79,39.55
2000,92.35,68.66,9.22,39.38
2000,100.93,79.87,10.71,29.81
2000,100.93,79.97,10.51,29.84
2000,100.92,80.22,10.66,29.93
2000,100.5,80.04,9.83,32.08
2000,99.75,79.79,9.17,34.05
2000,100.93,79.84,10.31,29.8
2000,100.92,79.89,10.05,29.81
2000,100.9,79.69,10.35,30.2
2000,99.55,79.84,7.35,34.45
2000,98.49,79.24,7.53,36.83
2000,100.92,79.86,10.33,29.74
2000,100.9,79.77,9.97,29.91
2000,100.83,78.59,10.18,31.06
2000,98.05,80.42,4.9,34.81
2000,97.13,78.85,5.26,37.4
2000,100.91,79.85,10.7,29.72
2000,100.84,79.78,9.83,30.4
2000,100.56,78.5,8.8,33.08
2000,95.83,81.12,3.27,34.8
2000,94.54,77.99,4.15,37.21
2001,100.95,79.68,10.39,30.47
2001,100.79,79.9,9.21,31.67
2001,100.16,79.88,6.51,36.44
2001,95.28,80.9,3.79,37.21
2001,94.1,76.79,6.19,38.61
2001,100.88,79.45,10.64,31.03
2001,100.28,79.54,8.23,32.93
2001,98.37,79.84,4.96,37.64
2001,95.62,77.94,5.85,38.93
2001,95.82,72.16,8.22,40.4
2001,100.5,79.36,9.99,31.8
2001,98.9,79.36,6.58,34.52
2001,95.17,79.69,3.53,37.61
2001,93.9,75.44,6.69,39.03
2001,95.59,69.16,7.8,40.95
2001,99.51,79.51,7.62,32.7
2001,96.78,79.42,4.42,35.89
2001,93.01,78.25,4.62,37.85
2001,92.39,73.2,7.46,38.45
2001,93.87,68.96,6.76,39.86
2001,98.24,79.38,5.46,34.43
2001,94.71,79.01,3.25,37.18
2001,92.17,75.69,6.64,38
2001,92.51,70.89,8.56,38.69
2001,93.04,69.37,8.05,39.26
2001,97.26,78.52,4.5,36.34
2001,93.46,78.09,3.6,37.95
2001,91.57,73.44,7.59,37.61
2001,92.38,69.31,9.01,38.55
2001,92.4,69.12,9.73,38.85
2001,100.98,80.29,9.95,30.26
2001,100.98,80.49,9.59,30.28
2001,100.97,80.84,9.48,30.27
2001,100.56,81.54,9.02,32.29
2001,99.81,82.28,8.38,34.89
2001,100.98,80.04,9.94,30.34
2001,100.97,80.2,9.54,30.4
2001,100.95,80.25,9.27,30.74
2001,99.6,81.6,6.77,35.52
2001,98.54,82.01,6.67,38.89
2001,100.97,79.94,9.96,30.43
2001,100.95,79.99,9.61,30.76
2001,100.88,79.22,9.24,32.16
2001,98.1,81.62,4.43,36.63
2001,97.19,81.24,4.54,39.75
2001,100.97,79.88,10.23,30.44
2001,100.89,79.99,9.65,31.15
2001,100.62,79.31,8.15,34.16
2001,95.88,81.91,2.97,36.37
2001,94.6,79.92,3.95,38.67
2002,101,79.31,10.66,30.37
2002,100.83,79.02,9.62,32.25
2002,100.2,77.84,6.51,38.09
2002,95.32,78.79,3.81,37.9
2002,94.15,74.36,5.85,38.48
2002,100.92,78.9,10.29,31.27
2002,100.32,78.29,8.6,34.21
2002,98.41,77.56,5.19,38.99
2002,95.67,75.34,5.67,39.53
2002,95.87,69.44,7.68,40.26
2002,100.54,78.6,9.29,32.46
2002,98.95,77.89,6.31,36.21
2002,95.21,77.44,3.57,38.71
2002,93.95,72.66,6.1,39.65
2002,95.64,66.26,7.1,40.91
2002,99.56,78.69,7.62,33.72
2002,96.83,77.96,4.12,37.35
2002,93.06,75.94,4.25,38.93
2002,92.44,70.14,6.52,39.55
2002,93.92,65.71,5.94,40.43
2002,98.28,78.56,6.01,35.69
2002,94.75,77.54,3.2,38.3
2002,92.21,73.06,5.94,39.26
2002,92.56,67.49,7.5,40.22
2002,93.09,65.78,6.98,40.59
2002,97.3,77.66,5.46,37.84
2002,93.51,76.54,3.41,39.28
2002,91.62,70.59,6.86,39.22
2002,92.43,65.77,8.12,40.42
2002,92.45,65.35,8.46,40.64
2002,101.02,79.19,9.83,30.03
2002,101.02,79.36,9.77,30.08
2002,101.01,79.66,9.77,30.23
2002,100.6,79.61,8.98,32.78
2002,99.85,79.78,8.63,34.59
2002,101.02,79.26,9.93,30.08
2002,101.01,79.36,9.59,30.42
2002,100.99,79.19,9.2,31.55
2002,99.64,79.44,6.91,35.62
2002,98.59,79.39,7.05,37.9
2002,101.01,79.34,9.92,30.17
2002,100.99,79.23,9.45,30.86
2002,100.92,77.91,8.7,33.56
2002,98.15,79.91,4.44,36.74
2002,97.24,79.17,4.65,38.49
2002,101.01,79.42,10.24,30.15
2002,100.94,79.22,9.63,31.24
2002,100.66,77.62,7.68,35.71
2002,95.93,80.3,2.9,36.85
2002,94.65,77.89,3.79,37.94
2003,100.99,78.37,8.71,31
2003,100.82,78.62,7.8,32.71
2003,100.2,78.75,5.95,36.57
2003,95.32,80.22,3.42,36.21
2003,94.15,75.92,4.89,36.99
2003,100.91,77.94,8.63,31.67
2003,100.31,77.99,7.14,34.15
2003,98.41,78.34,4.66,37.19
2003,95.67,76.54,5.16,37.85
2003,95.87,70.66,6.57,39.11
2003,100.53,77.72,8.17,32.5
2003,98.94,77.66,5.95,35.35
2003,95.21,77.91,3.24,36.65
2003,93.95,73.66,5.58,37.71
2003,95.65,67.32,6.17,39.91
2003,99.55,77.89,6.61,33.62
2003,96.82,77.71,4.05,36.31
2003,93.05,76.28,3.76,37.13
2003,92.44,70.88,5.89,37.89
2003,93.92,66.42,5.23,39.58
2003,98.27,77.75,4.78,35.2
2003,94.75,77.18,2.84,36.97
2003,92.21,73.38,5.16,37.81
2003,92.56,67.8,6.58,38.92
2003,93.08,65.82,6.13,39.51
2003,97.29,76.72,4.04,36.8
2003,93.51,76,3.12,37.6
2003,91.62,70.62,6.1,37.83
2003,92.43,65.53,7.12,39.25
2003,92.45,64.78,7.48,39.43
2003,101.02,79.08,9.2,30.74
2003,101.01,78.99,9.33,30.8
2003,101.01,79.09,9.23,30.84
2003,100.6,79.67,8.23,32.71
2003,99.85,80.43,7.85,34.3
2003,101.01,78.84,8.91,30.74
2003,101,78.73,9.04,30.93
2003,100.98,78.66,9.12,31.48
2003,99.64,80.26,6.38,34.42
2003,98.59,80.88,6.25,36.34
2003,101.01,78.78,8.81,30.69
2003,100.99,78.71,8.91,31.15
2003,100.92,78.03,8.93,32.73
2003,98.15,81.31,4.15,34.85
2003,97.24,80.96,4.09,36.49
2003,101,78.68,8.76,30.67
2003,100.93,78.81,8.47,31.57
2003,100.65,78.31,7.46,34.47
2003,95.93,81.84,2.69,34.8
2003,94.65,79.72,3.21,36
2004,100.99,79.61,10.41,30.19
2004,100.83,79.63,8.65,32.22
2004,100.2,78.91,6.26,38.11
2004,95.32,80.21,3.84,37.99
2004,94.15,76.88,5.77,39.1
2004,100.92,79.16,10.53,31.16
2004,100.32,78.99,8.06,34.34
2004,98.41,78.72,5.27,39.26
2004,95.67,77.49,6.17,39.4
2004,95.87,72.72,7.88,40.79
2004,100.54,78.74,9.76,32.27
2004,98.94,78.44,6.6,36.19
2004,95.21,78.44,3.92,38.69
2004,93.95,75.26,6.77,38.93
2004,95.65,70.08,7.41,41.02
2004,99.55,78.75,7.87,33.75
2004,96.82,78.42,4.54,37.35
2004,93.05,77.12,4.69,38.55
2004,92.44,73.15,7.08,38.78
2004,93.93,69.79,6.22,40.33
2004,98.27,78.46,6.03,35.75
2004,94.75,77.97,3.38,38.06
2004,92.21,74.72,6.28,38.7
2004,92.57,70.99,7.82,39.65
2004,93.09,70.01,7.25,40.35
2004,97.29,77.37,5.31,37.55
2004,93.5,76.91,3.7,38.8
2004,91.62,72.66,7.32,38.71
2004,92.43,69.48,8.49,39.92
2004,92.46,69.57,8.94,40.29
2004,101.02,79.62,11.58,30.16
2004,101.01,79.6,11.29,30.31
2004,101.01,79.75,10.8,30.45
2004,100.6,80.38,9.13,33.02
2004,99.85,81.3,8.2,35.25
2004,101.01,79.58,11.15,29.98
2004,101.01,79.56,10.65,30.21
2004,100.99,79.41,10.02,31.01
2004,99.64,80.63,6.66,36.19
2004,98.59,81.16,6.37,38.92
2004,101.01,79.59,11.02,29.92
2004,100.99,79.51,10.37,30.45
2004,100.92,78.41,9.3,32.55
2004,98.15,80.83,4.27,37.12
2004,97.24,80.63,4.32,39.47
2004,101,79.68,10.65,29.83
2004,100.94,79.62,9.6,30.9
2004,100.66,78.38,7.59,35.14
2004,95.92,81.2,2.76,36.91
2004,94.65,79.64,3.61,38.61
2005,100.97,79.94,9.47,30.53
2005,100.8,80.29,8.38,31.98
2005,100.17,80.59,6.16,36.58
2005,95.3,82.29,3.75,36.35
2005,94.12,78.86,6.13,37.15
2005,100.89,79.75,9.25,31.25
2005,100.29,79.75,7.68,33.47
2005,98.39,80.12,4.96,37.39
2005,95.64,79.45,5.82,37.83
2005,95.84,74.65,8.05,39.23
2005,100.51,79.66,8.42,32.13
2005,98.92,79.44,6.08,35.03
2005,95.19,79.72,3.61,37.16
2005,93.92,77.09,6.52,38.33
2005,95.62,72.03,7.54,40.23
2005,99.53,79.78,6.86,33.22
2005,96.8,79.54,4.16,36.22
2005,93.03,78.44,4.51,37.81
2005,92.42,74.99,7.08,38.95
2005,93.9,71.89,6.43,39.84
2005,98.25,79.56,5.38,34.9
2005,94.72,79.2,3.25,37.35
2005,92.19,76.25,6.33,38.96
2005,92.54,72.9,8.02,39.91
2005,93.06,72.18,7.54,39.67
2005,97.27,78.54,4.81,36.7
2005,93.48,78.29,3.65,38.6
2005,91.59,74.47,7.37,39.38
2005,92.41,71.64,8.67,40.26
2005,92.43,71.89,9.09,39.72
2005,101,80.09,10.54,30.59
2005,100.99,80.34,10.61,30.56
2005,100.99,80.59,10.56,30.69
2005,100.58,81.17,8.98,33.17
2005,99.83,82.02,8.14,35.43
2005,100.99,80.18,10.54,30.51
2005,100.98,80.46,10.27,30.61
2005,100.96,80.53,9.65,31.17
2005,99.62,81.86,6.51,36.33
2005,98.56,82.47,6.48,38.95
2005,100.98,80.17,10.03,30.37
2005,100.97,80.43,9.6,30.79
2005,100.9,79.91,8.62,32.44
2005,98.12,82.68,4.12,36.81
2005,97.21,82.49,4.47,38.88
2005,100.98,80.07,9.47,30.33
2005,100.91,80.43,8.81,31.2
2005,100.63,80.16,7.31,34.47
2005,95.9,83.28,2.74,35.81
2005,94.62,81.66,3.9,37.08
2006,100.99,79.29,10.26,29.83
2006,100.83,79.39,9.06,31.53
2006,100.2,79.31,6.44,36.75
2006,95.32,81.54,4.02,36.93
2006,94.15,78.68,5.97,37.91
2006,100.91,78.98,10.1,30.6
2006,100.32,79.07,8.07,33.31
2006,98.41,79.72,5.26,37.8
2006,95.67,79.69,6.3,38.64
2006,95.87,74.91,8.03,40.21
2006,100.53,78.66,9.99,31.36
2006,98.94,78.82,6.73,34.69
2006,95.21,79.97,3.82,37.32
2006,93.95,77.82,6.66,38.76
2006,95.65,72.31,7.46,41.05
2006,99.55,78.68,8.52,32.65
2006,96.82,79.04,4.87,35.91
2006,93.05,79.09,4.66,37.81
2006,92.44,75.39,6.97,38.84
2006,93.93,71.58,6.27,40.26
2006,98.27,78.57,6.37,34.66
2006,94.75,78.89,3.56,37.15
2006,92.21,76.97,6.51,38.58
2006,92.56,72.57,8.01,39.56
2006,93.09,71.06,7.48,39.93
2006,97.29,77.88,5.34,36.31
2006,93.5,78.16,3.83,37.98
2006,91.61,74.91,7.67,38.54
2006,92.43,70.43,8.71,39.61
2006,92.45,69.99,9.13,39.57
2006,101.02,80.11,10.7,29.87
2006,101.02,80.32,10.66,29.84
2006,101.01,80.75,10.64,29.71
2006,100.6,81.8,9.72,31.95
2006,99.86,82.61,9.19,34.47
2006,101.01,79.76,10.5,29.77
2006,101.01,79.86,10.25,29.88
2006,100.99,80.06,9.89,30.48
2006,99.64,82.21,6.89,34.5
2006,98.59,82.94,6.73,37.84
2006,101.01,79.52,10.28,29.57
2006,100.99,79.41,9.77,30.03
2006,100.92,78.66,8.83,32.08
2006,98.15,82.06,4.17,35.56
2006,97.24,82.42,4.52,38.14
2006,101,79.42,10.39,29.51
2006,100.93,79.32,9.54,30.41
2006,100.66,78.47,7.42,34.16
2006,95.93,82.07,2.74,35.65
2006,94.65,81.24,3.79,37.22
2007,100.94,78.76,10.15,30.46
2007,100.78,78.74,8.89,31.96
2007,100.15,78.22,6,37.27
2007,95.27,79.89,3.76,37.68
2007,94.1,75.64,5.5,38.06
2007,100.86,78.56,9.6,31.09
2007,100.27,78.57,7.69,33.47
2007,98.36,78.84,4.71,38.24
2007,95.62,77.94,5.88,38.87
2007,95.82,71.94,7.43,39.62
2007,100.48,78.54,8.73,32.02
2007,98.89,78.74,6,35.23
2007,95.16,79.44,3.46,37.75
2007,93.9,76.29,6.29,38.29
2007,95.6,69.88,6.99,39.94
2007,99.5,78.97,7.21,33.18
2007,96.77,79.37,4.16,36.62
2007,93,78.72,4.36,37.75
2007,92.4,74.27,6.64,37.74
2007,93.88,69.89,5.92,39.04
2007,98.22,79.22,5.7,34.81
2007,94.7,79.44,3.15,37.44
2007,92.16,76.59,6.07,37.82
2007,92.52,71.94,7.72,38.26
2007,93.04,70.18,7.14,38.8
2007,97.24,78.82,4.99,36.29
2007,93.46,78.91,3.53,37.8
2007,91.57,74.56,7.27,37.64
2007,92.38,70.54,8.72,38.69
2007,92.41,70.02,8.95,38.84
2007,100.97,79.19,10.8,29.97
2007,100.97,79.37,10.64,30
2007,100.96,79.72,10.32,30.11
2007,100.55,80.62,9.19,32.78
2007,99.81,80.84,8.52,35.14
2007,100.96,79.01,10.76,30.09
2007,100.96,79.06,10.46,30.29
2007,100.94,79.06,9.7,31.01
2007,99.59,80.61,6.8,36.18
2007,98.54,80.59,6.62,39.14
2007,100.96,78.98,10.66,30.23
2007,100.94,78.81,10.23,30.71
2007,100.87,77.69,8.92,32.74
2007,98.1,80.26,4.15,37.47
2007,97.19,79.69,4.32,39.6
2007,100.95,78.91,10.49,30.3
2007,100.88,78.73,9.74,31.17
2007,100.61,77.41,7.46,34.94
2007,95.88,80.43,2.69,37.13
2007,94.6,78.36,3.51,38.18
2008,100.93,78.69,9.53,30.34
2008,100.76,78.8,8.7,32.17
2008,100.13,79.25,6.79,36.74
2008,95.26,81.58,3.8,34.35
2008,94.09,77.49,5.55,35.72
2008,100.85,78.41,9.73,30.93
2008,100.25,78.55,7.49,33.55
2008,98.35,79.62,4.86,36.83
2008,95.61,79.28,5.44,36.29
2008,95.81,74.31,7.22,37.93
2008,100.47,78.37,9.71,31.73
2008,98.88,78.74,5.93,34.54
2008,95.15,80.06,3.39,35.65
2008,93.89,77.36,5.79,36.65
2008,95.59,72.28,6.61,38.97
2008,99.49,78.71,8.04,33
2008,96.76,79.42,4.37,35.16
2008,92.99,79.5,4.39,35.51
2008,92.39,75.65,6.29,36.76
2008,93.87,72.38,5.59,38.56
2008,98.21,78.88,5.71,34.46
2008,94.69,79.59,3.28,35.45
2008,92.16,77.72,5.98,35.78
2008,92.51,74.07,7.35,37.57
2008,93.03,72.93,6.73,38.57
2008,97.23,78.36,4.45,35.64
2008,93.45,79.09,3.33,35.74
2008,91.56,76.06,6.77,35.78
2008,92.38,72.96,7.82,38.24
2008,92.4,72.66,8.08,38.99
2008,100.95,79.52,9.91,29.44
2008,100.95,79.53,9.55,29.52
2008,100.95,79.66,9.51,29.8
2008,100.53,80.73,8.72,31.87
2008,99.79,81,8.53,33.25
2008,100.95,79.28,9.76,29.46
2008,100.94,79.28,9.22,29.72
2008,100.92,79.25,8.7,30.92
2008,99.58,81.78,6.32,34.06
2008,98.53,81.94,6.66,35.74
2008,100.94,79.08,9.27,29.56
2008,100.92,79.02,9.16,30.12
2008,100.85,78.34,8.48,32.71
2008,98.08,82.27,4.08,34.46
2008,97.18,81.47,4.55,35.68
2008,100.94,78.92,9.48,29.83
2008,100.87,78.91,9.12,30.86
2008,100.59,78.44,7.94,34.83
2008,95.86,82.46,2.87,33.61
2008,94.59,79.92,3.68,34.86
2009,100.96,79.19,9.36,30.41
2009,100.8,79.18,8.43,32.07
2009,100.17,78.5,6.61,37.41
2009,95.29,79.75,3.78,37.29
2009,94.12,74.08,5.59,38.14
2009,100.88,79,9.34,31.1
2009,100.29,78.86,7.72,33.7
2009,98.38,78.69,5.23,38.19
2009,95.64,77.09,5.7,38.61
2009,95.84,70.78,7.35,39.88
2009,100.5,78.98,8.68,32.01
2009,98.91,78.81,6.13,35.19
2009,95.18,78.81,3.62,37.52
2009,93.92,74.69,6.2,38.06
2009,95.62,68.28,6.98,40.35
2009,99.52,79.32,7.03,33.2
2009,96.79,79.1,4.11,36.33
2009,93.02,77.62,4.26,37.48
2009,92.41,72.35,6.67,37.89
2009,93.9,67.92,6.1,39.78
2009,98.24,79.32,5.35,34.87
2009,94.72,78.85,3.11,37.18
2009,92.18,75.38,6.03,37.66
2009,92.54,70.22,7.75,38.59
2009,93.06,68.41,7.37,39.4
2009,97.26,78.53,4.56,36.32
2009,93.48,78.08,3.45,37.63
2009,91.59,73.66,7.17,37.74
2009,92.4,69.23,8.57,38.72
2009,92.42,68.61,9.07,38.94
2009,100.99,79.03,10.32,30.15
2009,100.99,79.22,10.66,30.18
2009,100.98,79.62,12.21,30.2
2009,100.57,80.12,10.69,32.79
2009,99.82,79.41,10.43,35.08
2009,100.99,78.92,10.84,30.23
2009,100.98,79.03,11.02,30.34
2009,100.96,79.16,11.44,30.95
2009,99.61,80.06,7.58,35.93
2009,98.56,78.46,7.32,38.69
2009,100.98,79.07,11.21,30.23
2009,100.96,78.98,10.98,30.6
2009,100.89,78.03,10.15,32.5
2009,98.12,80.28,4.7,36.79
2009,97.21,77.56,4.69,39.08
2009,100.98,79.24,10.24,30.21
2009,100.91,79.16,9.7,31.07
2009,100.63,77.94,8.2,34.87
2009,95.9,80.64,2.97,36.36
2009,94.62,76.21,3.73,37.89
2010,100.93,79.99,11.5,31.09
2010,100.77,80.26,10.3,32.84
2010,100.14,80.31,6.79,38.36
2010,95.27,81.21,3.78,37.68
2010,94.09,75.66,5.38,38.1
2010,100.85,79.86,10.27,31.95
2010,100.26,80.14,8.52,34.45
2010,98.36,80.59,5.02,38.6
2010,95.61,78.77,5.46,38.81
2010,95.81,72.65,6.98,39.84
2010,100.47,80.04,8.79,32.7
2010,98.88,80.46,6.25,35.72
2010,95.16,80.94,3.39,37.76
2010,93.89,76.84,5.67,38.7
2010,95.59,70.81,6.35,40.5
2010,99.49,80.72,6.96,33.47
2010,96.77,81.3,4.1,36.66
2010,93,80.25,3.97,38.02
2010,92.39,75.12,5.96,38.66
2010,93.87,70.97,5.38,39.96
2010,98.21,81.24,5.15,35.11
2010,94.69,81.69,2.99,37.51
2010,92.16,78.47,5.43,38.41
2010,92.51,73.34,6.9,39.05
2010,93.03,71.41,6.55,39.63
2010,97.24,80.98,4.21,36.64
2010,93.45,81.42,3.27,37.79
2010,91.56,77.09,6.52,38.03
2010,92.37,72.37,7.7,39.05
2010,92.4,71.28,8.17,39.36
2010,100.96,79.83,11.77,30.56
2010,100.96,79.99,11.75,30.57
2010,100.96,80.31,11.53,30.6
2010,100.55,80.94,10.81,33.16
2010,99.8,80.31,10.16,35.27
2010,100.96,79.84,11.95,30.64
2010,100.95,79.99,11.62,30.91
2010,100.93,80.06,11.08,31.91
2010,99.59,81.21,7.57,36.21
2010,98.53,79.78,7.34,38.9
2010,100.95,80.07,12.05,30.78
2010,100.93,80.12,11.6,31.43
2010,100.86,79.34,10.8,33.87
2010,98.09,81.64,4.95,37.12
2010,97.18,79.05,4.82,39.24
2010,100.94,80.14,12,30.81
2010,100.88,80.26,11.27,31.85
2010,100.6,79.56,8.99,36.08
2010,95.87,82.04,3.17,36.87
2010,94.59,77.82,3.72,38.01
2011,100.92,77.94,14.89,30.2
2011,100.76,78.34,12.48,31.83
2011,100.13,79.31,8,36.57
2011,95.26,81.66,4.16,36.1
2011,94.08,76.66,5.7,36.78
2011,100.85,77.78,13.61,31.03
2011,100.25,78.26,10.49,33.59
2011,98.35,79.81,5.48,37.3
2011,95.6,79.24,5.69,37.53
2011,95.81,73.66,7.42,38.56
2011,100.47,77.72,11.01,31.84
2011,98.88,78.39,7.46,35
2011,95.15,79.97,3.55,36.71
2011,93.89,76.49,5.95,37.21
2011,95.58,70.86,6.85,38.89
2011,99.49,78.16,8.13,32.81
2011,96.76,79.04,4.63,35.83
2011,92.99,78.94,4.11,36.9
2011,92.38,73.49,6.5,37.12
2011,93.86,69.48,5.94,38.14
2011,98.21,78.56,5.84,34.35
2011,94.69,79.27,3.29,36.37
2011,92.15,76.72,5.89,37.08
2011,92.5,70.67,7.63,37.79
2011,93.02,68.52,7.23,37.99
2011,97.23,78.24,4.56,35.64
2011,93.45,78.86,3.38,36.51
2011,91.55,74.81,6.94,36.76
2011,92.37,68.94,8.34,37.95
2011,92.39,67.49,8.78,38.04
2011,100.95,78.3,13.42,29.69
2011,100.94,78.47,14.85,29.71
2011,100.94,78.88,15.7,29.96
2011,100.53,79.5,12.46,32.29
2011,99.78,78.42,10.89,34.75
2011,100.94,78.08,14.33,29.7
2011,100.94,78.26,15.67,29.85
2011,100.92,78.53,16.8,30.58
2011,99.57,80.13,9.39,34.8
2011,98.52,77.98,7.74,37.93
2011,100.94,77.96,14.95,29.76
2011,100.92,78.03,15.67,30.23
2011,100.85,77.62,15.76,32.07
2011,98.08,81.1,6.18,35.5
2011,97.17,78.01,5.08,38.08
2011,100.93,77.96,15.16,29.84
2011,100.87,78.11,14.32,30.75
2011,100.59,78.03,11.93,34.26
2011,95.86,82.03,3.93,35.14
2011,94.58,77.91,3.91,36.61
2012,100.95,78.25,8.6,30.06
2012,100.78,78.22,7.68,32.01
2012,100.15,77.75,5.7,37.42
2012,95.27,78.78,3.4,36.75
2012,94.1,72.94,5.33,37.48
2012,100.87,78.11,8.21,30.89
2012,100.27,77.75,6.88,33.83
2012,98.36,77.38,4.49,38.08
2012,95.62,75.15,5.16,38.31
2012,95.82,69.27,6.88,39.42
2012,100.49,78.12,7.45,31.72
2012,98.9,77.69,5.57,35.3
2012,95.17,77.31,3.29,37.31
2012,93.9,72.19,5.62,38.15
2012,95.59,66.33,6.32,39.85
2012,99.51,78.31,6.1,32.95
2012,96.78,77.94,3.9,36.44
2012,93.01,76.09,4,37.27
2012,92.39,69.47,6.12,38.05
2012,93.87,65.09,5.57,39.16
2012,98.23,78.1,5.02,34.98
2012,94.71,77.53,2.95,37.27
2012,92.17,73.5,5.56,37.42
2012,92.51,66.62,7.57,38.61
2012,93.03,64.06,7.35,38.96
2012,97.25,77.16,4.59,36.61
2012,93.47,76.53,3.23,37.6
2012,91.57,71.12,6.59,37.26
2012,92.38,64.8,8.61,38.59
2012,92.4,62.99,9.33,38.78
2012,100.97,78.39,11.88,29.89
2012,100.97,78.42,11.89,29.87
2012,100.96,78.59,11.86,30.02
2012,100.55,78.59,10.38,32.19
2012,99.8,77.84,9.28,34.53
2012,100.97,78.32,10.78,29.84
2012,100.96,78.32,11.02,30.12
2012,100.94,78.25,11.06,31.29
2012,99.59,78.65,8.22,34.98
2012,98.54,76.91,7.51,37.76
2012,100.96,78.42,9.9,29.77
2012,100.94,78.39,9.65,30.43
2012,100.87,77.56,8.96,33.01
2012,98.1,79.59,4.61,35.88
2012,97.19,76.23,4.71,37.96
2012,100.96,78.41,9.14,29.73
2012,100.89,78.45,8.5,30.84
2012,100.61,77.62,7.08,35.11
2012,95.88,80.25,2.64,35.73
2012,94.6,75.15,3.61,36.91
2013,100.96,78.53,9.24,30.45
2013,100.79,78.61,8.31,32.21
2013,100.17,78.03,6.28,38.16
2013,95.29,79.18,3.77,38.09
2013,94.11,73.17,6.03,38.69
2013,100.88,78.22,9.07,31.14
2013,100.29,78.08,7.32,33.8
2013,98.38,77.88,4.93,39.21
2013,95.63,76.1,5.82,39.33
2013,95.83,69.49,7.97,40.21
2013,100.5,78.18,8.58,32.05
2013,98.91,78.08,5.84,35.39
2013,95.18,78.25,3.52,38.59
2013,93.91,73.85,6.48,38.9
2013,95.6,66.97,7.5,40.45
2013,99.52,78.63,6.91,33.35
2013,96.79,78.68,4.12,36.75
2013,93.02,77.5,4.42,38.4
2013,92.4,71.95,7.01,38.64
2013,93.88,66.98,6.38,39.73
2013,98.24,78.72,5.07,35.33
2013,94.71,78.76,3.15,37.96
2013,92.17,75.69,6.12,38.42
2013,92.52,70.14,7.89,39.11
2013,93.04,67.78,7.54,39.37
2013,97.26,77.97,4.39,37.04
2013,93.47,78.19,3.57,38.53
2013,91.58,74.31,7.06,38.25
2013,92.39,69.34,8.61,39.08
2013,92.41,68.24,9.24,39.05
2013,100.99,78.44,10.19,29.98
2013,100.99,78.72,10.04,29.98
2013,100.98,79.22,9.96,30.04
2013,100.57,79.72,8.74,32.41
2013,99.82,79.32,8.51,34.77
2013,100.98,78.49,10.04,30.07
2013,100.98,78.69,9.9,30.26
2013,100.96,78.84,9.71,31.1
2013,99.61,79.72,6.69,35.24
2013,98.55,78.44,7.13,38.18
2013,100.98,78.62,9.73,30.12
2013,100.96,78.7,9.56,30.67
2013,100.89,77.88,9.25,32.9
2013,98.12,80.03,4.38,36.73
2013,97.2,77.17,4.85,39.03
2013,100.97,78.69,9.42,30.2
2013,100.9,78.79,8.99,31.21
2013,100.63,77.84,7.84,35.3
2013,95.9,80.42,2.85,37.1
2013,94.61,75.61,3.98,38.39
2014,100.99,78.68,9.28,30.79
2014,100.83,78.79,8.71,32.65
2014,100.2,78.31,6.36,38.19
2014,95.33,79.39,3.72,37.92
2014,94.16,74.07,5.72,38.22
2014,100.92,78.33,8.55,31.61
2014,100.32,78.32,7.28,34.55
2014,98.42,78.34,4.7,38.91
2014,95.68,76.52,5.54,38.91
2014,95.88,70.16,7.49,39.66
2014,100.54,78.17,7.68,32.47
2014,98.95,78.27,5.63,36.09
2014,95.22,78.59,3.32,38.33
2014,93.96,74.42,6.06,38.15
2014,95.66,67.45,7.05,39.83
2014,99.56,78.53,6.39,33.77
2014,96.83,78.82,3.97,37.17
2014,93.07,77.72,4.12,38.38
2014,92.46,72.27,6.61,37.8
2014,93.94,66.78,6.1,39.05
2014,98.28,78.68,5.1,35.7
2014,94.76,78.84,3.04,37.93
2014,92.23,75.59,5.89,38.32
2014,92.58,69.69,7.69,38.42
2014,93.1,66.34,7.44,38.98
2014,97.3,77.96,4.54,37.31
2014,93.52,78.16,3.45,38.29
2014,91.64,73.91,7.13,37.87
2014,92.45,68.13,8.61,38.59
2014,92.47,65.69,9.22,38.81
2014,101.02,78.99,12.4,30.05
2014,101.02,79.15,14.25,30.13
2014,101.01,79.5,14.3,30.3
2014,100.6,80.12,11.6,33.1
2014,99.86,79.96,9.56,35.11
2014,101.02,78.81,11.83,30.2
2014,101.01,78.96,13.12,30.48
2014,100.99,79.06,13.71,31.55
2014,99.64,80.34,8.7,36.18
2014,98.59,79.32,7.68,39.01
2014,101.01,78.77,11.02,30.31
2014,100.99,78.82,11.55,30.88
2014,100.92,78,11.71,33.43
2014,98.15,80.58,5.17,37.22
2014,97.24,78.2,4.95,39.48
2014,101,78.81,10.13,30.34
2014,100.93,78.88,10.03,31.35
2014,100.66,77.88,8.86,35.73
2014,95.93,80.68,3.09,36.97
2014,94.66,76.69,3.86,38.19
2015,101.04,78.34,9.34,30.36
2015,100.88,78.64,7.87,31.95
2015,100.25,78.69,5.93,36.8
2015,95.38,80.14,3.55,36.23
2015,94.21,76.24,5.6,36.59
2015,100.97,78.06,9.41,31.03
2015,100.37,78.29,7.31,33.22
2015,98.47,78.72,4.66,37.19
2015,95.73,76.84,5.51,37.3
2015,95.94,72.19,7.46,38.25
2015,100.59,78.11,8.48,31.91
2015,99,78.4,5.73,34.38
2015,95.27,78.5,3.41,36.21
2015,94.02,74.2,6.2,36.7
2015,95.72,69.45,7.06,38.37
2015,99.61,78.76,6.71,33.09
2015,96.89,79.16,3.98,35.35
2015,93.12,77.19,4.48,35.95
2015,92.51,71.96,6.92,36.23
2015,94,68.8,6.27,37.47
2015,98.33,79.28,5.23,34.83
2015,94.81,79.38,3.24,36.5
2015,92.28,74.75,6.48,36.39
2015,92.63,69.58,8.25,36.84
2015,93.16,68.17,7.99,37.43
2015,97.36,78.84,4.7,36.3
2015,93.58,78.71,3.71,37.26
2015,91.69,72.78,7.74,36.79
2015,92.5,68.13,9.18,37.49
2015,92.52,67.32,9.96,37.56
2015,101.07,78.98,9.62,30.21
2015,101.07,79.07,10.25,30.18
2015,101.06,79.34,10.64,30.21
2015,100.66,80.44,8.84,32.62
2015,99.91,80.72,8.16,34.3
2015,101.06,78.84,9.22,30.27
2015,101.06,78.84,9.98,30.44
2015,101.04,78.84,10.5,31.06
2015,99.7,81.14,6.85,35.23
2015,98.65,80.95,6.62,37.46
2015,101.06,78.79,8.79,30.17
2015,101.04,78.68,8.99,30.74
2015,100.97,77.75,8.65,32.76
2015,98.2,81.32,4.07,35.98
2015,97.3,80.1,4.4,37.6
2015,101.05,78.63,8.96,30.11
2015,100.99,78.66,8.41,31.14
2015,100.71,77.81,7.1,34.89
2015,95.98,81.41,2.63,35.62
2015,94.71,78.81,3.67,36.35
2016,101.01,78.77,8.64,31.14
2016,100.85,78.86,7.7,32.45
2016,100.22,77.78,6,37.2
2016,95.34,78.28,3.62,37.78
2016,94.16,72.05,6.14,38.88
2016,100.94,78.44,8.49,31.62
2016,100.34,77.88,7.2,33.73
2016,98.43,76.53,4.78,38.52
2016,95.68,73.61,5.71,39.83
2016,95.88,67.21,7.99,41.13
2016,100.56,78.08,7.75,32.49
2016,98.96,76.94,5.75,35.41
2016,95.23,75.09,3.48,38.62
2016,93.97,69.79,6.43,40.28
2016,95.65,63.39,7.43,42.25
2016,99.58,77.77,6.39,33.81
2016,96.85,76.15,3.96,37.13
2016,93.07,72,4.52,39.4
2016,92.46,66.3,7.09,40.25
2016,93.94,62.14,6.4,41.82
2016,98.3,77.06,5.07,35.69
2016,94.77,74.94,3.18,38.48
2016,92.23,67.94,6.45,39.96
2016,92.58,62.94,8.2,40.83
2016,93.1,61.61,7.74,41.55
2016,97.32,75.75,4.63,37.5
2016,93.53,73.39,3.68,39.29
2016,91.63,65.06,7.56,39.78
2016,92.44,61.19,8.86,40.78
2016,92.46,61.19,9.34,41.03
2016,101.05,78.44,9.14,30.79
2016,101.04,78.78,9.07,30.73
2016,101.04,79.38,9.37,30.68
2016,100.62,79.5,8.64,33.18
2016,99.87,78.11,8.43,35.57
2016,101.04,78.38,8.72,30.83
2016,101.03,78.72,8.65,30.81
2016,101.01,79,8.79,31.19
2016,99.67,79.47,6.6,35.66
2016,98.61,76.69,7.05,38.75
2016,101.03,78.55,8.75,30.93
2016,101.01,78.81,8.42,31.15
2016,100.94,78.06,8.26,32.37
2016,98.17,80.21,4.21,36.54
2016,97.25,75.99,4.78,39.12
2016,101.03,78.78,8.74,31.04
2016,100.96,79.08,8.06,31.69
2016,100.68,78.03,7.14,34.4
2016,95.95,80.53,2.68,36.61
2016,94.67,74.8,4.03,38.38
2017,100.97,79.04,10.91,30.66
2017,100.8,79.21,8.66,32.35
2017,100.17,78.69,5.79,37.25
2017,95.3,79.96,3.46,37.32
2017,94.13,75.26,5.36,38.69
2017,100.89,78.78,9.41,31.38
2017,100.3,78.78,7.15,33.88
2017,98.39,78.66,4.59,37.72
2017,95.65,77.36,5.35,38.66
2017,95.85,71.97,7.16,40.1
2017,100.51,78.53,8.33,32.19
2017,98.92,78.49,5.73,35.22
2017,95.2,78.56,3.3,36.83
2017,93.94,75.16,5.89,38.1
2017,95.63,69.49,6.79,40.26
2017,99.53,78.4,6.81,33.4
2017,96.81,78.22,4.14,36.41
2017,93.04,76.59,4.32,36.97
2017,92.43,72.84,6.59,37.72
2017,93.91,68.87,5.94,39.5
2017,98.26,77.68,5.1,35.28
2017,94.73,77.03,3.12,37.55
2017,92.2,73.16,6.32,37.55
2017,92.55,70.23,7.89,38.24
2017,93.08,68.58,7.29,39.18
2017,97.28,76.04,4.47,36.93
2017,93.5,75.03,3.39,38.36
2017,91.61,70.5,7.3,37.66
2017,92.42,68.53,8.51,38.5
2017,92.44,68.12,8.81,38.97
2017,101,79.12,13.67,29.88
2017,100.99,79.37,11.76,29.94
2017,100.99,79.84,11.5,30.08
2017,100.58,80.17,11.42,32.67
2017,99.83,78.99,11.89,35.03
2017,100.99,78.98,14.42,30
2017,100.98,79.25,12.22,30.28
2017,100.96,79.5,11.72,31.35
2017,99.62,80,8.25,35.53
2017,98.56,77.58,9.08,38.51
2017,100.98,79.02,13.78,30.18
2017,100.97,79.19,11.86,30.79
2017,100.9,78.47,10.61,33.14
2017,98.13,80.39,4.84,36.21
2017,97.21,77.37,5.1,38.79
2017,100.98,79.09,12.59,30.33
2017,100.91,79.28,10.3,31.28
2017,100.63,78.38,7.55,35.03
2017,95.91,80.85,2.71,36
2017,94.63,76.99,3.57,38.09
2018,100.97,78.92,12.41,30.84
2018,100.8,79.09,12.17,32.53
2018,100.17,78.56,9.37,37.62
2018,95.31,80.79,4.59,36.46
2018,94.14,75.78,6.04,37.21
2018,100.89,78.61,11.45,31.74
2018,100.3,78.61,10.3,34.33
2018,98.39,78.56,6.27,37.98
2018,95.65,77.96,6.18,37.92
2018,95.86,72.43,7.77,39.27
2018,100.51,78.45,9.69,32.54
2018,98.92,78.26,7.3,35.77
2018,95.2,78.16,3.94,37.08
2018,93.94,74.88,6.65,37.58
2018,95.63,69.11,7.25,39.8
2018,99.53,78.46,7.57,33.54
2018,96.81,77.83,4.6,36.45
2018,93.04,75.41,4.82,36.86
2018,92.43,71.01,7.34,37.51
2018,93.91,66.92,6.39,39.07
2018,98.26,77.77,5.81,35.26
2018,94.74,76.46,3.46,36.87
2018,92.2,71.28,6.86,37.15
2018,92.55,67.38,8.46,38.44
2018,93.08,65.49,7.71,39.03
2018,97.28,75.99,4.8,36.79
2018,93.5,74.35,3.83,37.19
2018,91.61,68.62,7.95,37.35
2018,92.42,65.82,9,38.56
2018,92.45,64.92,9.11,38.89
2018,101,78.78,11.52,30.22
2018,100.99,79.14,12.07,30.26
2018,100.99,79.69,12.98,30.35
2018,100.58,80.51,11.12,32.47
2018,99.83,79.95,9.57,34.63
2018,100.99,78.72,12.17,30.25
2018,100.98,79.01,12.75,30.54
2018,100.96,79.19,13.5,31.76
2018,99.62,80.64,8.92,35.24
2018,98.57,78.84,8.33,37.72
2018,100.98,78.91,12.81,30.27
2018,100.97,79.07,13.4,30.93
2018,100.9,78.22,13.8,33.63
2018,98.13,81.12,6.01,36.03
2018,97.22,77.92,5.58,37.81
2018,100.98,79.06,12.87,30.4
2018,100.91,79.21,13.2,31.42
2018,100.63,78.19,12.3,35.55
2018,95.91,81.71,4.25,35.66
2018,94.64,77.32,4.28,36.71
2019,101,78.39,10.63,30.74
2019,100.84,78.28,9.51,32.58
2019,100.21,77.38,6.7,38.64
2019,95.34,78.75,3.89,38.9
2019,94.17,73.69,5.78,39.14
2019,100.92,78.16,9.96,31.51
2019,100.33,77.88,8.29,34.23
2019,98.43,77.5,5.05,39.48
2019,95.69,76.18,5.91,39.94
2019,95.89,70.67,7.74,40.54
2019,100.55,77.91,8.74,32.49
2019,98.95,77.48,6.37,35.96
2019,95.23,77.28,3.68,38.85
2019,93.97,73.93,6.59,39.24
2019,95.67,68.44,7.34,40.46
2019,99.57,77.81,7.02,33.77
2019,96.84,77.14,4.25,37.32
2019,93.08,75.22,4.68,38.79
2019,92.47,71.37,7.24,38.9
2019,93.95,67.78,6.37,39.7
2019,98.29,77.14,5.43,35.7
2019,94.77,75.98,3.24,38.35
2019,92.24,71.78,6.57,38.77
2019,92.59,68.38,8.31,39.4
2019,93.11,67.08,7.68,39.72
2019,97.31,75.54,4.7,37.56
2019,93.53,74.05,3.71,39.15
2019,91.64,69,7.64,38.75
2019,92.45,66.47,8.89,39.53
2019,92.48,66.11,9.25,39.63
2019,101.03,78.4,10.53,30.63
2019,101.03,78.38,10.73,30.73
2019,101.03,78.5,10.77,30.76
2019,100.62,78.88,9.59,33.08
2019,99.87,78.16,9.18,35.44
2019,101.02,78.26,10.4,30.62
2019,101.02,78.17,10.36,30.9
2019,101,77.97,10.19,31.76
2019,99.66,78.62,7.41,36.48
2019,98.61,76.4,7.49,39.31
2019,101.02,78.25,10.47,30.54
2019,101,78.04,10.38,31.16
2019,100.93,76.81,9.75,33.64
2019,98.16,78.71,4.76,37.94
2019,97.26,75.47,5.04,39.93
2019,101.01,78.38,10.72,30.46
2019,100.94,78.2,10.26,31.58
2019,100.67,76.75,8.46,36.01
2019,95.95,79.38,3.09,37.94
2019,94.68,75.12,3.92,38.9
2020,100.93,78.49,10.94,31.12
2020,100.76,78.72,9.2,32.87
2020,100.14,78.59,6.32,38.46
2020,95.27,80.49,3.79,37.7
2020,94.11,76.6,6.21,38.2
2020,100.85,78.31,10.31,31.85
2020,100.26,78.46,8.01,34.4
2020,98.36,78.94,5,39.13
2020,95.62,77.96,5.84,38.94
2020,95.83,73.09,8.04,39.74
2020,100.47,78.31,8.99,32.86
2020,98.88,78.52,5.97,36.05
2020,95.17,79.22,3.56,38.23
2020,93.91,75.89,6.35,38.49
2020,95.61,70.68,7.38,40.21
2020,99.5,78.86,7.31,34.18
2020,96.77,79.15,4.09,37.38
2020,93.01,78,4.46,38.01
2020,92.41,73.68,6.78,38.16
2020,93.89,70.21,6.11,39.65
2020,98.22,79.22,5.47,36.01
2020,94.7,79.21,3.2,38.17
2020,92.17,75.44,6.33,38.15
2020,92.53,71.49,7.77,38.64
2020,93.05,70.24,7.24,39.36
2020,97.24,78.84,4.46,37.65
2020,93.47,78.68,3.59,38.56
2020,91.58,73.75,7.39,37.97
2020,92.4,70.8,8.46,38.65
2020,92.42,70.4,8.94,39.02
2020,100.96,78.19,11.34,30.79
2020,100.95,78.26,10.99,30.86
2020,100.95,78.56,10.62,30.93
2020,100.54,79.84,9.43,33.52
2020,99.8,79.71,8.83,35.27
2020,100.95,77.99,11.31,30.78
2020,100.94,77.99,10.92,31.05
2020,100.93,78.09,10.18,32.05
2020,99.59,80.27,7.01,36.38
2020,98.54,79.12,7.1,38.54
2020,100.95,78.08,10.85,30.77
2020,100.93,78,10.49,31.41
2020,100.86,77.25,9.12,33.89
2020,98.09,80.58,4.25,37.1
2020,97.19,78.69,4.92,38.72
2020,100.94,78.36,10.65,30.81
2020,100.87,78.42,9.85,31.88
2020,100.59,77.62,7.54,36.08
2020,95.88,81.2,2.77,36.84
2020,94.61,78.36,4.15,37.84
2021,100.92,79.46,11.29,30.64
2021,100.76,80.16,10.04,32.17
2021,100.13,81.28,6.57,36.83
2021,95.27,83.98,3.73,36.45
2021,94.1,81.17,5.58,36.99
2021,100.85,79.48,10.32,31.33
2021,100.25,80.41,8.64,33.74
2021,98.35,82.16,5.07,37.71
2021,95.61,82.18,5.63,38.35
2021,95.82,78.31,7.22,39.43
2021,100.47,79.72,9.08,32.1
2021,98.88,80.85,6.44,35.04
2021,95.16,82.5,3.52,37.06
2021,93.9,80.35,6.12,38.34
2021,95.6,76.08,6.65,40.54
2021,99.49,80.47,7.86,33.24
2021,96.77,81.55,4.28,36.23
2021,93,81.12,4.38,37.35
2021,92.4,77.85,6.66,38.52
2021,93.88,75.1,5.74,40.24
2021,98.21,81,7.11,35.04
2021,94.7,81.51,3.33,37.36
2021,92.17,78.28,6.2,38.22
2021,92.52,74.96,7.71,39.43
2021,93.04,74.16,6.94,40.16
2021,97.24,80.79,6.84,36.61
2021,93.46,80.88,3.52,37.9
2021,91.57,76.25,7.06,38.25
2021,92.39,73.47,8.22,39.6
2021,92.41,73.38,8.38,39.86
2021,100.95,79.21,11.7,30.04
2021,100.95,79.42,11.61,30.02
2021,100.95,79.75,11.98,30.07
2021,100.54,81.58,10.53,32.32
2021,99.79,82.67,9.53,34.91
2021,100.95,79.13,11.67,30.05
2021,100.94,79.36,11.03,30.19
2021,100.92,79.66,10.76,30.91
2021,99.58,83.21,7.22,34.78
2021,98.53,83.72,7.12,37.73
2021,100.94,79.18,11.77,30.06
2021,100.92,79.41,10.96,30.52
2021,100.85,79.28,9.8,32.48
2021,98.09,84.16,4.54,35.26
2021,97.18,83.74,4.69,37.86
2021,100.94,79.32,11.74,30.23
2021,100.87,79.7,10.74,31.05
2021,100.59,79.88,8,34.51
2021,95.87,84.55,2.89,35.03
2021,94.6,82.98,3.74,36.62
2022,100.9,79.6,9.84,30.9
2022,100.73,79.98,8.82,32.6
2022,100.1,80.53,6.37,37.27
2022,95.23,83.21,3.78,35.99
2022,94.06,80.31,5.89,36.06
2022,100.82,79.59,9.22,31.58
2022,100.23,80,7.75,34.08
2022,98.32,81.12,5.09,37.53
2022,95.58,81.25,5.93,37.38
2022,95.78,77.21,7.9,37.9
2022,100.45,79.74,8.07,32.26
2022,98.85,80.4,6.07,35.11
2022,95.13,81.75,3.6,36.64
2022,93.86,79.62,6.64,36.89
2022,95.56,74.95,7.58,38.41
2022,99.47,80.26,6.44,33.3
2022,96.74,81.21,4.23,35.82
2022,92.97,81.06,4.71,36.91
2022,92.36,78.01,7.37,36.76
2022,93.84,74.96,6.66,37.93
2022,98.19,80.68,5.04,34.83
2022,94.67,81.5,3.32,36.32
2022,92.13,79,6.83,37.15
2022,92.48,76.22,8.53,37.62
2022,93,75.12,8,38.21
2022,97.21,80.54,4.48,35.9
2022,93.43,81.34,3.78,36.54
2022,91.54,77.59,7.95,36.85
2022,92.35,75.24,9.2,38.02
2022,92.37,74.64,9.67,38.52
2022,100.93,79.18,10.85,30.54
2022,100.92,79.47,10.87,30.45
2022,100.92,80,10.94,30.46
2022,100.51,81.12,10.22,32.42
2022,99.76,80.49,9.61,34.48
2022,100.92,79.25,11.17,30.56
2022,100.91,79.61,11.08,30.65
2022,100.89,79.94,10.91,31.3
2022,99.55,82.04,7.72,34.87
2022,98.49,80.37,7.64,37.37
2022,100.92,79.46,11.14,30.54
2022,100.9,79.69,10.58,31.04
2022,100.83,79.19,9.83,32.87
2022,98.06,82.86,4.52,35.49
2022,97.14,80.93,4.96,37.41
2022,100.91,79.61,10.38,30.57
2022,100.84,79.82,9.59,31.51
2022,100.56,79.47,7.77,35.01
2022,95.84,83.57,2.82,35.06
2022,94.56,81.39,3.95,35.91
